{"schema_version":1,"source_map":"/Game/PCG/DungeonMap","record_layout":["x","y","z","profile","range","cast_shadows"],"defaults":{"type":"Point","use_physical_values":true,"light_units":"Unitless","affect_volumetric_fog":true,"volumetric_fog_intensity":1,"radius":0,"length":0,"soft_radius":0,"punctual":true},"profiles":[{"color":[0.309469,0.62396,1],"brightness":0.01},{"color":[0.313989,0.456411,1],"brightness":0.01},{"color":[1,0.597202,0.508881],"brightness":0.01},{"color":[1,0.40724,0.147027],"brightness":0.03,"light_function":"/Game/HoudiniImports/Support/M_BrazierLightFlicker.M_BrazierLightFlicker"}],"lights":[[-20,3.5,-30,1,19.9558,false],[15,3.5,-15,2,19.9049,false],[25,3.5,-10,2,20.0459,false],[-25,8.5,-5,1,18.5648,false],[20,8.5,-35,3,18.8594,false],[25,8.5,0,1,20.0201,false],[-10,13.5,5,2,20.0102,false],[5,13.5,25,1,19.2356,false],[15,13.5,-5,1,18.4501,false],[15,13.5,35,1,19.5567,true],[10,3.5,35,2,19.0911,true],[25,3.5,25,1,18.4375,true],[20,3.5,-15,2,19.2784,true],[35,13.5,-10,1,19.7797,true],[-20,3.5,-25,1,18.4015,true],[-5,8.5,-20,2,19.4759,true],[-15,8.5,-10,3,20.9677,true],[-10,3.5,0,1,21.2064,true],[-10,8.5,-15,2,19.1699,true],[-15,13.5,0,1,18.7753,true],[-35,13.5,20,1,19.423,true],[-25,8.5,25,1,21.0169,true],[-35,8.5,25,1,19.5904,true],[-20,3.5,30,3,21.5137,true],[-5,3.5,10,1,20.6153,true],[10,8.5,10,1,21.1712,true],[15,13.5,20,3,21.4913,true],[10,8.5,-30,3,20.9113,true],[35,13.5,5,3,20.6027,true],[20,8.5,5,3,18.7335,true],[10,13.5,-10,1,19.3665,true],[-25,13.5,0,2,20.8687,true],[-35,13.5,5,3,20.9515,true],[-35,13.5,15,3,18.9229,true],[-35,8.5,35,1,18.4736,true],[-10,3.5,20,1,18.8038,true],[10,13.5,30,3,21.0067,true],[5,8.5,-30,3,20.0264,true],[-20,3.5,10,2,20.8441,true],[5,13.5,35,2,19.0628,true],[30,3.5,35,3,20.0623,true],[-5,8.5,-35,2,20.5887,true],[0,8.5,15,3,19.7432,true],[0,3.5,35,1,20.7536,true],[5,3.5,20,2,19.8813,true],[10,13.5,10,2,20.145,true],[15,13.5,5,2,19.3435,true],[-5,3.5,-20,1,20.5942,true],[-5,10.5,-27.5,2,18.6412,true],[30,10.5,5,2,18.6953,true],[20,15.5,-5,1,20.0532,true],[-25,3.5,-25,1,7.31095,false],[-25,3.5,-24,3,7.34896,false],[-25,3.5,20,3,7.20786,false],[-25,3.5,25,1,7.2339,false],[-20,3.5,-35,1,6.95573,false],[-20,3.5,-30,3,6.63737,false],[-20,3.5,-25,2,7.24732,false],[-20,3.5,-20,2,6.90041,false],[-20,3.5,10,3,7.00429,false],[-20,3.5,15,1,7.14542,false],[-20,3.5,25,2,6.8245,false],[-20,3.5,30,3,6.89216,false],[-15,3.5,-25,1,7.18845,false],[-15,3.5,15,1,6.91241,false],[-15,3.5,20,1,6.95604,false],[-15,3.5,25,1,7.04716,false],[-10,3.5,-15,1,6.67799,false],[-10,3.5,-5,1,6.64954,false],[-10,3.5,0,2,7.08829,false],[-10,3.5,20,3,6.77671,false],[-5,3.5,-25,2,6.91374,false],[-5,3.5,-20,1,6.92261,false],[-5,3.5,-15,3,7.01613,false],[-5,3.5,15,1,7.10312,false],[-5,3.5,20,3,7.36537,false],[0,3.5,-15,2,7.1311,false],[0,3.5,20,1,6.95855,false],[5,3.5,-15,2,6.65871,false],[5,3.5,35,2,6.69458,false],[5,3.5,36,2,6.77399,false],[10,3.5,-15,2,7.21889,false],[10,3.5,20,1,7.1232,false],[10,3.5,35,3,7.01303,false],[15,3.5,-15,3,7.12659,false],[15,3.5,20,2,7.16289,false],[20,3.5,-25,3,7.01048,false],[20,3.5,-20,2,6.89421,false],[20,3.5,-15,1,7.00871,false],[20,3.5,20,3,7.0874,false],[20,3.5,35,1,6.9222,false],[25,3.5,-15,1,7.15336,false],[25,3.5,-10,1,6.80619,false],[25,3.5,20,3,6.71178,false],[25,3.5,30,2,6.94343,false],[25,3.5,35,3,6.78083,false],[30,3.5,-20,3,6.8316,false],[30,3.5,-15,1,7.07569,false],[30,3.5,-10,1,7.15245,false],[30,3.5,20,1,6.62013,false],[30,3.5,35,3,6.58423,false],[35,3.5,-15,3,6.99183,false],[35,3.5,-10,1,7.0654,false],[35,3.5,35,1,7.20268,false],[-35,8.5,25,3,7.03435,false],[-35,8.5,30,2,6.8171,false],[-35,8.5,35,1,6.9573,false],[-30,8.5,25,3,7.1419,false],[-30,8.5,26,1,7.35803,false],[-30,8.5,30,1,7.21324,false],[-30,8.5,35,3,7.28689,false],[-25,8.5,0,1,6.63399,false],[-25,8.5,30,1,6.63537,false],[-25,8.5,35,2,7.03167,false],[-20,8.5,-15,2,6.91969,false],[-20,8.5,-10,1,6.87268,false],[-20,8.5,-5,2,6.98752,false],[-20,8.5,0,1,6.84572,false],[-20,8.5,20,3,6.66715,false],[-20,8.5,30,3,7.107,false],[-20,8.5,35,3,6.89893,false],[-15,8.5,-35,3,6.90494,false],[-15,8.5,-20,2,6.79311,false],[-15,8.5,-15,2,6.86591,false],[-15,8.5,-14,1,7.37616,false],[-15,8.5,-10,1,6.83756,false],[-15,8.5,-5,1,6.73503,false],[-15,8.5,0,3,6.77739,false],[-15,8.5,10,3,6.83561,false],[-15,8.5,30,1,6.74722,false],[-15,8.5,35,1,7.03428,false],[-10,8.5,-35,2,6.69796,false],[-10,8.5,-30,1,7.03987,false],[-10,8.5,-25,2,6.91092,false],[-10,8.5,-20,2,6.93315,false],[-10,8.5,-15,1,6.61768,false],[-10,8.5,15,1,7.05188,false],[-10,8.5,20,1,7.14474,false],[0,8.5,-25,3,6.84529,false],[-5,8.5,-25,1,7.11472,false],[0,8.5,-30,3,7.16464,false],[10,8.5,15,3,6.69428,false],[5,8.5,15,2,7.38512,false],[15,8.5,-35,1,6.58469,false],[20,8.5,-35,2,7.08417,false],[20,8.5,-30,2,7.26629,false],[35,8.5,10,2,6.62965,false],[35,8.5,5,1,6.62986,false],[35,8.5,0,3,6.98091,false],[30,8.5,0,2,6.98239,false],[25,8.5,0,1,7.00756,false],[25,8.5,10,3,7.041,false],[30,8.5,5,2,7.05565,false],[-35,13.5,10,3,6.63108,false],[-35,13.5,11,2,7.32502,false],[-35,13.5,25,1,6.76371,false],[-35,13.5,26,1,7.2761,false],[-20,13.5,0,3,6.68485,false],[-20,13.5,-5,1,7.36937,false],[10,13.5,20,2,6.77775,false],[5,13.5,25,2,6.92592,false],[5,13.5,20,2,7.00821,false],[10,13.5,15,3,7.10194,false],[5,13.5,15,2,7.24869,false],[10,13.5,35,2,7.13409,false],[10,13.5,36,3,6.67743,false],[25,13.5,0,2,6.70498,false],[25,13.5,-10,2,6.85653,false],[15,13.5,0,1,6.96618,false],[15,13.5,-10,2,7.02164,false],[20,13.5,-5,3,7.04191,false],[25,13.5,-5,1,7.06799,false],[20,13.5,-10,3,7.34563,false],[35,13.5,0,2,6.68799,false],[35,13.5,-5,2,6.86169,false],[-10,13.5,15,1,6.58192,false],[10,13.5,0,3,6.59341,false],[-10,13.5,-10,1,6.59978,false],[10,8.5,-25,1,6.60385,false],[20,8.5,15,1,6.6143,false],[30,8.5,20,1,6.61782,false],[5,13.5,30,2,6.62361,false],[-10,13.5,5,2,6.64722,false],[15,8.5,20,2,6.65364,false],[20,13.5,35,2,6.66234,false],[25,13.5,15,3,6.66831,false],[35,13.5,-15,2,6.68185,false],[30,8.5,-25,3,6.68667,false],[-10,13.5,10,2,6.69523,false],[10,8.5,-20,3,6.70288,false],[-10,8.5,35,2,6.70655,false],[0,13.5,30,2,6.7243,false],[35,8.5,20,2,6.72897,false],[-30,13.5,0,1,6.74167,false],[-30,13.5,10,2,6.74604,false],[15,13.5,30,3,6.76714,false],[10,13.5,-10,3,6.77035,false],[25,13.5,35,3,6.77183,false],[5,8.5,10,3,6.77825,false],[35,13.5,5,3,6.80627,false],[-5,8.5,-35,1,6.80817,false],[35,13.5,-10,2,6.82182,false],[-10,13.5,30,1,6.82735,false],[5,13.5,5,1,6.9171,false],[25,8.5,-25,3,6.91741,false],[-15,13.5,0,2,6.91777,false],[10,13.5,-5,2,6.92865,false],[-5,8.5,35,2,6.93409,false],[0,8.5,15,2,6.94057,false],[-5,13.5,35,3,6.94393,false],[-35,13.5,20,1,6.96721,false],[35,8.5,30,2,6.97244,false],[0,8.5,10,1,6.9732,false],[-30,13.5,20,3,6.97705,false],[-35,13.5,5,3,6.98405,false],[30,8.5,25,2,7.00292,false],[30,8.5,35,3,7.01536,false],[5,13.5,35,3,7.01641,false],[15,13.5,35,3,7.01999,false],[10,8.5,10,1,7.03693,false],[-5,13.5,20,1,7.03972,false],[10,8.5,-30,2,7.05575,false],[-25,13.5,20,2,7.08136,false],[15,8.5,5,2,7.09084,false],[5,13.5,-5,2,7.09277,false],[-10,8.5,30,3,7.10597,false],[-30,13.5,15,2,7.11654,false],[10,13.5,30,2,7.14179,false],[-5,13.5,30,3,7.16628,false],[-10,13.5,-5,2,7.17038,false],[20,13.5,20,2,7.17632,false],[15,13.5,25,1,7.17652,false],[10,13.5,10,1,7.19115,false],[25,13.5,20,3,7.19233,false],[-10,13.5,20,2,7.19392,false],[35,13.5,10,2,7.19399,false],[20,8.5,5,2,7.194,false],[-5,8.5,-20,2,7.19601,false],[10,8.5,25,2,7.2005,false],[15,13.5,20,1,7.20607,false],[5,8.5,-30,1,7.23535,false],[-5,8.5,10,3,7.24788,false],[15,8.5,25,2,18.5595,false],[15,13.5,30,3,19.6455,false],[25,8.5,35,2,19.3857,false],[20,13.5,35,3,19.2216,false],[30,8.5,30,2,19.6308,false],[30,8.5,-25,3,18.9576,false],[35,8.5,-20,1,19.432,false],[-10,8.5,-20,3,19.6582,false],[-15,3.5,0,2,20.0385,false],[-10,8.5,-10,1,19.9548,false],[5,8.5,10,1,19.2097,false],[15,13.5,15,1,18.7176,false],[10,3.5,-20,3,19.8506,false],[25,8.5,15,3,18.7542,false],[10,8.5,0,1,18.9745,false],[-15,3.5,30,1,18.6871,false],[5,13.5,30,3,